-- MySQL dump 10.13  Distrib 8.0.29, for Win64 (x86_64)
--
-- Host: localhost    Database: ipc_argentina
-- ------------------------------------------------------
-- Server version	8.0.29

/*!40101 SET @OLD_CHARACTER_SET_CLIENT=@@CHARACTER_SET_CLIENT */;
/*!40101 SET @OLD_CHARACTER_SET_RESULTS=@@CHARACTER_SET_RESULTS */;
/*!40101 SET @OLD_COLLATION_CONNECTION=@@COLLATION_CONNECTION */;
/*!50503 SET NAMES utf8 */;
/*!40103 SET @OLD_TIME_ZONE=@@TIME_ZONE */;
/*!40103 SET TIME_ZONE='+00:00' */;
/*!40014 SET @OLD_UNIQUE_CHECKS=@@UNIQUE_CHECKS, UNIQUE_CHECKS=0 */;
/*!40014 SET @OLD_FOREIGN_KEY_CHECKS=@@FOREIGN_KEY_CHECKS, FOREIGN_KEY_CHECKS=0 */;
/*!40101 SET @OLD_SQL_MODE=@@SQL_MODE, SQL_MODE='NO_AUTO_VALUE_ON_ZERO' */;
/*!40111 SET @OLD_SQL_NOTES=@@SQL_NOTES, SQL_NOTES=0 */;

--
-- Table structure for table `aperturas`
--

DROP TABLE IF EXISTS `aperturas`;
/*!40101 SET @saved_cs_client     = @@character_set_client */;
/*!50503 SET character_set_client = utf8mb4 */;
CREATE TABLE `aperturas` (
  `id_apertura` int NOT NULL AUTO_INCREMENT,
  `apertura` varchar(100) DEFAULT NULL,
  `id_division` int NOT NULL,
  PRIMARY KEY (`id_apertura`),
  KEY `id_division` (`id_division`),
  CONSTRAINT `aperturas_ibfk_1` FOREIGN KEY (`id_division`) REFERENCES `divisiones` (`id_division`)
) ENGINE=InnoDB AUTO_INCREMENT=23 DEFAULT CHARSET=utf8mb4 COLLATE=utf8mb4_0900_ai_ci;
/*!40101 SET character_set_client = @saved_cs_client */;

--
-- Dumping data for table `aperturas`
--

LOCK TABLES `aperturas` WRITE;
/*!40000 ALTER TABLE `aperturas` DISABLE KEYS */;
INSERT INTO `aperturas` VALUES (1,'Alimentos',1),(2,'Bebidas no alcoholicas',1),(3,'Bebidas alcoholicas',2),(4,'Tabaco',2),(5,'Prendas de vestir y materiales',3),(6,'Calzado',3),(7,'Alquiler de la vivienda y gastos conexos',4),(8,'Mantenimiento y reparacion de la vivienda',4),(9,'Electricidad, gas y otros combustibles',4),(10,'Bienes y servicios para la conservacion del hogar',5),(11,'Productos medicinales, artefactos y equipos para la salud',6),(12,'Gastos de prepagas',6),(13,'Adquisicion de vehiculos',7),(14,'Funcionamiento de equipos de transporte personal',7),(15,'Transporte publico',7),(16,'Servicios  de telefonia e internet',8),(17,'Equipos audiovisuales, fotograficos y de procesamiento de la informacion',9),(18,'Servicios recreativos y culturales',9),(19,'Periodicos, diarios, revistas, libros y articulos de papeleria',9),(20,'Educacion',10),(21,'Restaurantes y comidas fuera del hogar',11),(22,'Cuidado personal',12);
/*!40000 ALTER TABLE `aperturas` ENABLE KEYS */;
UNLOCK TABLES;

--
-- Table structure for table `divisiones`
--

DROP TABLE IF EXISTS `divisiones`;
/*!40101 SET @saved_cs_client     = @@character_set_client */;
/*!50503 SET character_set_client = utf8mb4 */;
CREATE TABLE `divisiones` (
  `id_division` int NOT NULL AUTO_INCREMENT,
  `division` varchar(100) DEFAULT NULL,
  PRIMARY KEY (`id_division`)
) ENGINE=InnoDB AUTO_INCREMENT=13 DEFAULT CHARSET=utf8mb4 COLLATE=utf8mb4_0900_ai_ci;
/*!40101 SET character_set_client = @saved_cs_client */;

--
-- Dumping data for table `divisiones`
--

LOCK TABLES `divisiones` WRITE;
/*!40000 ALTER TABLE `divisiones` DISABLE KEYS */;
INSERT INTO `divisiones` VALUES (1,'Alimentos y bebidas no alcoholicas'),(2,'Bebidas alcoholicas y tabaco'),(3,'Prendas de vestir y calzado'),(4,'Vivienda, agua, electricidad y otros combustibles'),(5,'Equipamiento y mantenimiento del hogar'),(6,'Salud'),(7,'Transporte'),(8,'Comunicacion'),(9,'Recreacion y cultura'),(10,'Educacion'),(11,'Restaurantes y hoteles'),(12,'Bienes y servicios varios');
/*!40000 ALTER TABLE `divisiones` ENABLE KEYS */;
UNLOCK TABLES;

--
-- Table structure for table `ipc`
--

DROP TABLE IF EXISTS `ipc`;
/*!40101 SET @saved_cs_client     = @@character_set_client */;
/*!50503 SET character_set_client = utf8mb4 */;
CREATE TABLE `ipc` (
  `id_ipc` int NOT NULL AUTO_INCREMENT,
  `valor_ipc_intermensual` float DEFAULT NULL,
  `valor_ipc_interanual` float DEFAULT NULL,
  `id_periodo` int NOT NULL,
  `id_region` int NOT NULL,
  PRIMARY KEY (`id_ipc`),
  KEY `id_periodo` (`id_periodo`),
  KEY `id_region` (`id_region`),
  CONSTRAINT `ipc_ibfk_1` FOREIGN KEY (`id_periodo`) REFERENCES `periodo` (`id_periodo`),
  CONSTRAINT `ipc_ibfk_2` FOREIGN KEY (`id_region`) REFERENCES `region` (`id_region`)
) ENGINE=InnoDB AUTO_INCREMENT=143 DEFAULT CHARSET=utf8mb4 COLLATE=utf8mb4_0900_ai_ci;
/*!40101 SET character_set_client = @saved_cs_client */;

--
-- Dumping data for table `ipc`
--

LOCK TABLES `ipc` WRITE;
/*!40000 ALTER TABLE `ipc` DISABLE KEYS */;
INSERT INTO `ipc` VALUES (1,1.6,0,1,1),(2,2.1,0,2,1),(3,2.4,0,3,1),(4,2.7,0,4,1),(5,1.4,0,5,1),(6,1.2,0,6,1),(7,1.7,0,7,1),(8,1.4,0,8,1),(9,1.9,0,9,1),(10,1.5,0,10,1),(11,1.4,0,11,1),(12,3.1,24.8,12,1),(13,1.8,25,13,1),(14,2.4,25.4,14,1),(15,2.3,25.4,15,1),(16,2.7,25.5,16,1),(17,2.1,26.3,17,1),(18,3.7,29.5,18,1),(19,3.1,31.2,19,1),(20,3.9,34.4,20,1),(21,6.5,40.5,21,1),(22,5.4,45.9,22,1),(23,3.2,48.5,23,1),(24,2.6,47.6,24,1),(25,2.9,49.3,25,1),(26,3.8,51.3,26,1),(27,4.7,54.7,27,1),(28,3.4,55.8,28,1),(29,3.1,57.3,29,1),(30,2.7,55.8,30,1),(31,2.2,54.4,31,1),(32,4,54.5,32,1),(33,5.9,53.5,33,1),(34,3.3,50.5,34,1),(35,4.3,52.1,35,1),(36,3.7,53.8,36,1),(37,2.3,52.9,37,1),(38,2,50.3,38,1),(39,3.3,48.4,39,1),(40,1.5,45.6,40,1),(41,1.5,43.4,41,1),(42,2.2,42.8,42,1),(43,1.9,42.4,43,1),(44,2.7,40.7,44,1),(45,2.8,36.6,45,1),(46,3.8,37.2,46,1),(47,3.2,35.8,47,1),(48,4,36.1,48,1),(49,4,38.5,49,1),(50,3.6,40.7,50,1),(51,4.8,42.6,51,1),(52,4.1,46.3,52,1),(53,3.3,48.8,53,1),(54,3.2,50.2,54,1),(55,3,51.8,55,1),(56,2.5,51.4,56,1),(57,3.5,52.5,57,1),(58,3.5,52.1,58,1),(59,2.5,51.2,59,1),(60,3.8,50.9,60,1),(61,3.9,50.7,61,1),(62,4.7,52.3,62,1),(63,6.7,55.1,63,1),(64,6,58,64,1),(65,5.1,60.7,65,1),(66,1.3,0,1,2),(67,2.5,0,2,2),(68,2.4,0,3,2),(69,2.6,0,4,2),(70,1.3,0,5,2),(71,1.4,0,6,2),(72,1.7,0,7,2),(73,1.5,0,8,2),(74,2,0,9,2),(75,1.3,0,10,2),(76,1.2,0,11,2),(77,3.4,25,12,2),(78,1.6,25.4,13,2),(79,2.6,25.5,14,2),(80,2.5,25.6,15,2),(81,2.6,25.6,16,2),(82,1.9,26.4,17,2),(83,3.9,29.5,18,2),(84,2.8,30.9,19,2),(85,4.1,34.2,20,2),(86,6.6,40.3,21,2),(87,5.1,45.5,22,2),(88,2.9,48,23,2),(89,2.8,47.1,24,2),(90,2.8,48.9,25,2),(91,3.8,50.7,26,2),(92,4.8,54.1,27,2),(93,3.2,55.1,28,2),(94,3,56.8,29,2),(95,2.6,54.8,30,2),(96,2.1,53.9,31,2),(97,3.9,53.6,32,2),(98,5.8,52.4,33,2),(99,3.2,49.7,34,2),(100,4.1,51.4,35,2),(101,3.8,52.9,36,2),(102,1.9,51.5,37,2),(103,1.8,48.6,38,2),(104,3.6,46.9,39,2),(105,1.4,44.2,40,2),(106,1.5,42.1,41,2),(107,2,41.3,42,2),(108,1.6,40.6,43,2),(109,2.8,39.2,44,2),(110,2.8,35.2,45,2),(111,3.6,35.7,46,2),(112,3,34.2,47,2),(113,3.7,34.1,48,2),(114,3.3,35.9,49,2),(115,3.6,38.3,50,2),(116,5.2,40.4,51,2),(117,4.1,44.2,52,2),(118,3.4,46.8,53,2),(119,3.1,48.3,54,2),(120,3.1,50.4,55,2),(121,2.6,50.1,56,2),(122,3.8,51.7,57,2),(123,3.8,52,58,2),(124,2.3,50.9,59,2),(125,4.1,51.4,60,2),(126,3.9,52.4,61,2),(127,4.6,53.8,62,2),(128,6.7,55.9,63,2),(129,6.2,59,64,2),(130,4.8,61.2,65,2),(131,5.3,64,66,1),(132,7.4,71,67,1),(133,5.5,65,66,2),(134,7.4,71.8,67,2);
/*!40000 ALTER TABLE `ipc` ENABLE KEYS */;
UNLOCK TABLES;

--
-- Temporary view structure for view `ipc_2022_nacional_divisiones`
--

DROP TABLE IF EXISTS `ipc_2022_nacional_divisiones`;
/*!50001 DROP VIEW IF EXISTS `ipc_2022_nacional_divisiones`*/;
SET @saved_cs_client     = @@character_set_client;
/*!50503 SET character_set_client = utf8mb4 */;
/*!50001 CREATE VIEW `ipc_2022_nacional_divisiones` AS SELECT 
 1 AS `id_ipc_division`,
 1 AS `division`,
 1 AS `valor_ipc_division`,
 1 AS `valor_ipc_promedio`,
 1 AS `mes`,
 1 AS `año`,
 1 AS `region`*/;
SET character_set_client = @saved_cs_client;

--
-- Temporary view structure for view `ipc_anual_desde_2017`
--

DROP TABLE IF EXISTS `ipc_anual_desde_2017`;
/*!50001 DROP VIEW IF EXISTS `ipc_anual_desde_2017`*/;
SET @saved_cs_client     = @@character_set_client;
/*!50503 SET character_set_client = utf8mb4 */;
/*!50001 CREATE VIEW `ipc_anual_desde_2017` AS SELECT 
 1 AS `ipc_anual`,
 1 AS `año`*/;
SET character_set_client = @saved_cs_client;

--
-- Table structure for table `ipc_aperturas`
--

DROP TABLE IF EXISTS `ipc_aperturas`;
/*!40101 SET @saved_cs_client     = @@character_set_client */;
/*!50503 SET character_set_client = utf8mb4 */;
CREATE TABLE `ipc_aperturas` (
  `id_ipc_apertura` int NOT NULL AUTO_INCREMENT,
  `valor_ipc_apertura` float DEFAULT NULL,
  `id_apertura` int NOT NULL,
  `id_periodo` int NOT NULL,
  `id_region` int NOT NULL,
  PRIMARY KEY (`id_ipc_apertura`),
  KEY `id_apertura` (`id_apertura`),
  KEY `id_periodo` (`id_periodo`),
  KEY `id_region` (`id_region`),
  CONSTRAINT `ipc_aperturas_ibfk_1` FOREIGN KEY (`id_apertura`) REFERENCES `aperturas` (`id_apertura`),
  CONSTRAINT `ipc_aperturas_ibfk_2` FOREIGN KEY (`id_periodo`) REFERENCES `periodo` (`id_periodo`),
  CONSTRAINT `ipc_aperturas_ibfk_3` FOREIGN KEY (`id_region`) REFERENCES `region` (`id_region`)
) ENGINE=InnoDB AUTO_INCREMENT=1073 DEFAULT CHARSET=utf8mb4 COLLATE=utf8mb4_0900_ai_ci;
/*!40101 SET character_set_client = @saved_cs_client */;

--
-- Dumping data for table `ipc_aperturas`
--

LOCK TABLES `ipc_aperturas` WRITE;
/*!40000 ALTER TABLE `ipc_aperturas` DISABLE KEYS */;
INSERT INTO `ipc_aperturas` VALUES (1,1.3,1,1,2),(2,2,1,2,2),(3,3.7,1,3,2),(4,2.3,1,4,2),(5,1,1,5,2),(6,1.3,1,6,2),(7,1.1,1,7,2),(8,2.3,1,8,2),(9,1.7,1,9,2),(10,1.5,1,10,2),(11,0.7,1,11,2),(12,0.4,1,12,2),(13,2.7,1,13,2),(14,2.5,1,14,2),(15,2,1,15,2),(16,0.7,1,16,2),(17,4,1,17,2),(18,5.1,1,18,2),(19,4.3,1,19,2),(20,3.7,1,20,2),(21,6.9,1,21,2),(22,5.9,1,22,2),(23,2.9,1,23,2),(24,1.3,1,24,2),(25,3.6,1,25,2),(26,5.9,1,26,2),(27,6.3,1,27,2),(28,2,1,28,2),(29,2.4,1,29,2),(30,2.7,1,30,2),(31,2.6,1,31,2),(32,4.4,1,32,2),(33,5.6,1,33,2),(34,2.1,1,34,2),(35,5.9,1,35,2),(36,2.7,1,36,2),(37,4.8,1,37,2),(38,2.3,1,38,2),(39,4.1,1,39,2),(40,3.6,1,40,2),(41,0.5,1,41,2),(42,1.2,1,42,2),(43,1.2,1,43,2),(44,3.7,1,44,2),(45,3.3,1,45,2),(46,5,1,46,2),(47,2.2,1,47,2),(48,3.1,1,48,2),(49,4.2,1,49,2),(50,4,1,50,2),(51,5.4,1,51,2),(52,4.7,1,52,2),(53,3,1,53,2),(54,3.4,1,54,2),(55,3.4,1,55,2),(56,1.2,1,56,2),(57,3.3,1,57,2),(58,3.6,1,58,2),(59,1.8,1,59,2),(60,4,1,60,2),(61,5.4,1,61,2),(62,9.1,1,62,2),(63,6.2,1,63,2),(64,6.1,1,64,2),(65,4.3,1,65,2),(66,1.5,2,1,2),(67,0.7,2,2,2),(68,2.3,2,3,2),(69,2,2,4,2),(70,1.6,2,5,2),(71,1,2,6,2),(72,2.2,2,7,2),(73,1.5,2,8,2),(74,3.2,2,9,2),(75,2.2,2,10,2),(76,2.8,2,11,2),(77,1.3,2,12,2),(78,1.9,2,13,2),(79,2,2,14,2),(80,1.6,2,15,2),(81,1.4,2,16,2),(82,1.6,2,17,2),(83,2.5,2,18,2),(84,1.8,2,19,2),(85,1.7,2,20,2),(86,9.9,2,21,2),(87,7.3,2,22,2),(88,4.6,2,23,2),(89,3.5,2,24,2),(90,4.9,2,25,2),(91,3,2,26,2),(92,2.8,2,27,2),(93,2.1,2,28,2),(94,4.3,2,29,2),(95,2.3,2,30,2),(96,1.8,2,31,2),(97,3.6,2,32,2),(98,6.4,2,33,2),(99,5,2,34,2),(100,4.2,2,35,2),(101,3.3,2,36,2),(102,3.3,2,37,2),(103,3.1,2,38,2),(104,1.8,2,39,2),(105,0.7,2,40,2),(106,-1.2,2,41,2),(107,1.2,2,42,2),(108,2.3,2,43,2),(109,3.9,2,44,2),(110,-0.9,2,45,2),(111,3.3,2,46,2),(112,1.9,2,47,2),(113,0.7,2,48,2),(114,2.5,2,49,2),(115,3.6,2,50,2),(116,0.8,2,51,2),(117,4.6,2,52,2),(118,3.3,2,53,2),(119,3.3,2,54,2),(120,5.3,2,55,2),(121,3.3,2,56,2),(122,2.7,2,57,2),(123,3.5,2,58,2),(124,1.7,2,59,2),(125,2.9,2,60,2),(126,3.7,2,61,2),(127,4.2,2,62,2),(128,5,2,63,2),(129,4.6,2,64,2),(130,5.3,2,65,2),(131,1.2,3,1,2),(132,1.9,3,2,2),(133,2.1,3,3,2),(134,1.6,3,4,2),(135,2.6,3,5,2),(136,1.1,3,6,2),(137,3.4,3,7,2),(138,2.2,3,8,2),(139,1.6,3,9,2),(140,2.8,3,10,2),(141,2.1,3,11,2),(142,1.3,3,12,2),(143,1.1,3,13,2),(144,0.9,3,14,2),(145,1.4,3,15,2),(146,0.9,3,16,2),(147,1.7,3,17,2),(148,1,3,18,2),(149,1.5,3,19,2),(150,0.2,3,20,2),(151,3.4,3,21,2),(152,4.9,3,22,2),(153,4.5,3,23,2),(154,1.8,3,24,2),(155,2.2,3,25,2),(156,2,3,26,2),(157,1.1,3,27,2),(158,1.6,3,28,2),(159,1.2,3,29,2),(160,2.1,3,30,2),(161,2.8,3,31,2),(162,1.7,3,32,2),(163,3.4,3,33,2),(164,6.3,3,34,2),(165,4.3,3,35,2),(166,2.5,3,36,2),(167,2.9,3,37,2),(168,0.8,3,38,2),(169,1.7,3,39,2),(170,-0.8,3,40,2),(171,-0.1,3,41,2),(172,0.4,3,42,2),(173,2.2,3,43,2),(174,4.1,3,44,2),(175,0.8,3,45,2),(176,4.9,3,46,2),(177,1.6,3,47,2),(178,1.1,3,48,2),(179,2.8,3,49,2),(180,5.1,3,50,2),(181,5.1,3,51,2),(182,9.2,3,52,2),(183,3.1,3,53,2),(184,5.5,3,54,2),(185,8.1,3,55,2),(186,4.6,3,56,2),(187,5.6,3,57,2),(188,2.8,3,58,2),(189,2.3,3,59,2),(190,4,3,60,2),(191,3.4,3,61,2),(192,4.5,3,62,2),(193,6.1,3,63,2),(194,8,3,64,2),(195,6.2,3,65,2),(196,0,4,1,2),(197,7.3,4,2,2),(198,1.2,4,3,2),(199,2.8,4,4,2),(200,1.4,4,5,2),(201,0,4,6,2),(202,3.3,4,7,2),(203,0.6,4,8,2),(204,0,4,9,2),(205,3.5,4,10,2),(206,0.3,4,11,2),(207,0,4,12,2),(208,2.9,4,13,2),(209,2.4,4,14,2),(210,0.1,4,15,2),(211,1.3,4,16,2),(212,1.1,4,17,2),(213,1.2,4,18,2),(214,3.5,4,19,2),(215,1.7,4,20,2),(216,5,4,21,2),(217,0.8,4,22,2),(218,5.3,4,23,2),(219,1,4,24,2),(220,5,4,25,2),(221,2.5,4,26,2),(222,6.4,4,27,2),(223,0.8,4,28,2),(224,2.8,4,29,2),(225,3.2,4,30,2),(226,0,4,31,2),(227,6.3,4,32,2),(228,7.6,4,33,2),(229,6.5,4,34,2),(230,6.2,4,35,2),(231,3.4,4,36,2),(232,5.5,4,37,2),(233,1.4,4,38,2),(234,4.1,4,39,2),(235,2.1,4,40,2),(236,0,4,41,2),(237,5.6,4,42,2),(238,1.2,4,43,2),(239,0,4,44,2),(240,6.6,4,45,2),(241,0.5,4,46,2),(242,2.9,4,47,2),(243,3.8,4,48,2),(244,4.8,4,49,2),(245,2.9,4,50,2),(246,6.9,4,51,2),(247,0.9,4,52,2),(248,0,4,53,2),(249,5.9,4,54,2),(250,0.7,4,55,2),(251,0,4,56,2),(252,6.6,4,57,2),(253,0.5,4,58,2),(254,0,4,59,2),(255,6,4,60,2),(256,0.3,4,61,2),(257,1.4,4,62,2),(258,6,4,63,2),(259,0,4,64,2),(260,4.9,4,65,2),(261,-2.7,5,1,2),(262,-0.8,5,2,2),(263,5.9,5,3,2),(264,5.6,5,4,2),(265,0.7,5,5,2),(266,0.8,5,6,2),(267,-2.6,5,7,2),(268,-1.1,5,8,2),(269,6.5,5,9,2),(270,1.8,5,10,2),(271,0.9,5,11,2),(272,1,5,12,2),(273,-2.2,5,13,2),(274,-0.9,5,14,2),(275,8.5,5,15,2),(276,3.1,5,16,2),(277,1.8,5,17,2),(278,1.8,5,18,2),(279,-1.5,5,19,2),(280,0.7,5,20,2),(281,14.2,5,21,2),(282,4.6,5,22,2),(283,1.5,5,23,2),(284,0,5,24,2),(285,-1.3,5,25,2),(286,0.6,5,26,2),(287,10,5,27,2),(288,5.6,5,28,2),(289,2.3,5,29,2),(290,0.9,5,30,2),(291,-0.7,5,31,2),(292,2.4,5,32,2),(293,13,5,33,2),(294,4.5,5,34,2),(295,4.1,5,35,2),(296,1.7,5,36,2),(297,0.2,5,37,2),(298,2.3,5,38,2),(299,5,5,39,2),(300,0,5,40,2),(301,10.1,5,41,2),(302,5,5,42,2),(303,1.7,5,43,2),(304,2.8,5,44,2),(305,7.8,5,45,2),(306,6.4,5,46,2),(307,2.2,5,47,2),(308,4.3,5,48,2),(309,-0.3,5,49,2),(310,1.8,5,50,2),(311,18.7,5,51,2),(312,5.2,5,52,2),(313,0.5,5,53,2),(314,3.1,5,54,2),(315,0.3,5,55,2),(316,4.2,5,56,2),(317,7,5,57,2),(318,6.3,5,58,2),(319,3.5,5,59,2),(320,4.5,5,60,2),(321,2.2,5,61,2),(322,2.9,5,62,2),(323,14.3,5,63,2),(324,12.5,5,64,2),(325,5.1,5,65,2),(326,-0.5,6,1,2),(327,0.6,6,2,2),(328,1.5,6,3,2),(329,3.4,6,4,2),(330,0.3,6,5,2),(331,0,6,6,2),(332,0.6,6,7,2),(333,-0.4,6,8,2),(334,4.1,6,9,2),(335,0.8,6,10,2),(336,1.8,6,11,2),(337,0,6,12,2),(338,-0.5,6,13,2),(339,0.4,6,14,2),(340,1.9,6,15,2),(341,3.7,6,16,2),(342,1.5,6,17,2),(343,3.1,6,18,2),(344,2,6,19,2),(345,0.9,6,20,2),(346,9.9,6,21,2),(347,5.6,6,22,2),(348,2.4,6,23,2),(349,1.6,6,24,2),(350,0.4,6,25,2),(351,2.1,6,26,2),(352,3.6,6,27,2),(353,8.1,6,28,2),(354,3.1,6,29,2),(355,2.4,6,30,2),(356,2.1,6,31,2),(357,5.1,6,32,2),(358,7.9,6,33,2),(359,4.8,6,34,2),(360,4.4,6,35,2),(361,2.7,6,36,2),(362,1.5,6,37,2),(363,2.4,6,38,2),(364,1.7,6,39,2),(365,0,6,40,2),(366,10.2,6,41,2),(367,5.8,6,42,2),(368,0.4,6,43,2),(369,2,6,44,2),(370,6.5,6,45,2),(371,5.6,6,46,2),(372,5.4,6,47,2),(373,3.2,6,48,2),(374,1.2,6,49,2),(375,3.7,6,50,2),(376,9.2,6,51,2),(377,4,6,52,2),(378,-0.6,6,53,2),(379,6.6,6,54,2),(380,1.7,6,55,2),(381,2.9,6,56,2),(382,6.1,6,57,2),(383,4.4,6,58,2),(384,2.7,6,59,2),(385,8.3,6,60,2),(386,1.4,6,61,2),(387,2.9,6,62,2),(388,11.4,6,63,2),(389,4.7,6,64,2),(390,4.6,6,65,2),(391,-0.7,7,1,2),(392,7.5,7,2,2),(393,-2.6,7,3,2),(394,1.4,7,4,2),(395,1.6,7,5,2),(396,1.7,7,6,2),(397,4.2,7,7,2),(398,4.2,7,8,2),(399,1.4,7,9,2),(400,1,7,10,2),(401,1.7,7,11,2),(402,7.9,7,12,2),(403,-4.1,7,13,2),(404,3.2,7,14,2),(405,1.2,7,15,2),(406,3.4,7,16,2),(407,1.6,7,17,2),(408,5.3,7,18,2),(409,-2,7,19,2),(410,7.1,7,20,2),(411,-1.3,7,21,2),(412,4.2,7,22,2),(413,-1,7,23,2),(414,10.9,7,24,2),(415,0.5,7,25,2),(416,3.3,7,26,2),(417,1.8,7,27,2),(418,1.8,7,28,2),(419,4.8,7,29,2),(420,1.6,7,30,2),(421,4.4,7,31,2),(422,1.6,7,32,2),(423,1.3,7,33,2),(424,3.9,7,34,2),(425,3.8,7,35,2),(426,4.8,7,36,2),(427,-2,7,37,2),(428,2.4,7,38,2),(429,3.9,7,39,2),(430,0.7,7,40,2),(431,-0.1,7,41,2),(432,1,7,42,2),(433,0.5,7,43,2),(434,2.5,7,44,2),(435,0.9,7,45,2),(436,2.2,7,46,2),(437,3.6,7,47,2),(438,7.8,7,48,2),(439,-4.1,7,49,2),(440,3.3,7,50,2),(441,1.7,7,51,2),(442,5.8,7,52,2),(443,2.2,7,53,2),(444,1.8,7,54,2),(445,4.6,7,55,2),(446,5.4,7,56,2),(447,1.6,7,57,2),(448,4.9,7,58,2),(449,1.1,7,59,2),(450,3.6,7,60,2),(451,0,7,61,2),(452,5,7,62,2),(453,3.2,7,63,2),(454,8.4,7,64,2),(455,4.5,7,65,2),(456,3.4,8,1,2),(457,0.2,8,2,2),(458,1.5,8,3,2),(459,2.7,8,4,2),(460,1.1,8,5,2),(461,2.1,8,6,2),(462,1.8,8,7,2),(463,4,8,8,2),(464,1.8,8,9,2),(465,0.1,8,10,2),(466,1.2,8,11,2),(467,1.7,8,12,2),(468,3.6,8,13,2),(469,2.6,8,14,2),(470,2.6,8,15,2),(471,2.9,8,16,2),(472,2.2,8,17,2),(473,3.2,8,18,2),(474,5.6,8,19,2),(475,3.4,8,20,2),(476,9.1,8,21,2),(477,4.3,8,22,2),(478,1.1,8,23,2),(479,1.9,8,24,2),(480,1.9,8,25,2),(481,3.4,8,26,2),(482,1.4,8,27,2),(483,3,8,28,2),(484,3.2,8,29,2),(485,1.9,8,30,2),(486,2.6,8,31,2),(487,6.3,8,32,2),(488,5.5,8,33,2),(489,1.7,8,34,2),(490,3.6,8,35,2),(491,3.8,8,36,2),(492,2.7,8,37,2),(493,2,8,38,2),(494,3.6,8,39,2),(495,2.5,8,40,2),(496,5,8,41,2),(497,2.3,8,42,2),(498,2.5,8,43,2),(499,8.1,8,44,2),(500,2.1,8,45,2),(501,7.5,8,46,2),(502,5.9,8,47,2),(503,3.8,8,48,2),(504,5,8,49,2),(505,5.6,8,50,2),(506,1.6,8,51,2),(507,7,8,52,2),(508,3.5,8,53,2),(509,2,8,54,2),(510,7.8,8,55,2),(511,1.3,8,56,2),(512,2,8,57,2),(513,2.7,8,58,2),(514,6.7,8,59,2),(515,4.2,8,60,2),(516,5.2,8,61,2),(517,0.6,8,62,2),(518,5.2,8,63,2),(519,5.1,8,64,2),(520,3,8,65,2),(521,0,9,1,2),(522,17.6,9,2,2),(523,13,9,3,2),(524,12.3,9,4,2),(525,0.4,9,5,2),(526,0.4,9,6,2),(527,0.5,9,7,2),(528,0.3,9,8,2),(529,-0.2,9,9,2),(530,0,9,10,2),(531,-0.1,9,11,2),(532,51.6,9,12,2),(533,0.1,9,13,2),(534,8.7,9,14,2),(535,0.5,9,15,2),(536,13,9,16,2),(537,-7.2,9,17,2),(538,0.1,9,18,2),(539,0.9,9,19,2),(540,13.9,9,20,2),(541,1.1,9,21,2),(542,12.4,9,22,2),(543,3.3,9,23,2),(544,0,9,24,2),(545,1.3,9,25,2),(546,11.9,9,26,2),(547,6.7,9,27,2),(548,5.7,9,28,2),(549,1.2,9,29,2),(550,1.7,9,30,2),(551,0.6,9,31,2),(552,0.8,9,32,2),(553,1.2,9,33,2),(554,0.4,9,34,2),(555,-0.8,9,35,2),(556,0.6,9,36,2),(557,0,9,37,2),(558,-0.3,9,38,2),(559,-0.4,9,39,2),(560,-1,9,40,2),(561,-0.7,9,41,2),(562,-0.1,9,42,2),(563,-0.1,9,43,2),(564,1,9,44,2),(565,1.3,9,45,2),(566,0.6,9,46,2),(567,0.1,9,47,2),(568,0.1,9,48,2),(569,0.8,9,49,2),(570,-0.3,9,50,2),(571,-0.2,9,51,2),(572,1.1,9,52,2),(573,3.5,9,53,2),(574,3.1,9,54,2),(575,0.6,9,55,2),(576,0.2,9,56,2),(577,0.9,9,57,2),(578,0.4,9,58,2),(579,0.4,9,59,2),(580,-0.1,9,60,2),(581,0.1,9,61,2),(582,-0.3,9,62,2),(583,21.6,9,63,2),(584,-0.4,9,64,2),(585,0.2,9,65,2),(586,2.1,11,1,2),(587,2.3,11,2,2),(588,2.9,11,3,2),(589,2.2,11,4,2),(590,2.7,11,5,2),(591,2.2,11,6,2),(592,2.3,11,7,2),(593,1.5,11,8,2),(594,1.6,11,9,2),(595,1.1,11,10,2),(596,1.9,11,11,2),(597,1.4,11,12,2),(598,2.1,11,13,2),(599,1.9,11,14,2),(600,1.6,11,15,2),(601,2.3,11,16,2),(602,3,11,17,2),(603,4.7,11,18,2),(604,3.8,11,19,2),(605,4.2,11,20,2),(606,8.5,11,21,2),(607,5.6,11,22,2),(608,6.8,11,23,2),(609,6,11,24,2),(610,3.5,11,25,2),(611,2.8,11,26,2),(612,5,11,27,2),(613,5.3,11,28,2),(614,5.2,11,29,2),(615,4.8,11,30,2),(616,3.3,11,31,2),(617,6.1,11,32,2),(618,10.1,11,33,2),(619,5.3,11,34,2),(620,7.9,11,35,2),(621,4.2,11,36,2),(622,-5.1,11,37,2),(623,0.3,11,38,2),(624,3.3,11,39,2),(625,1.6,11,40,2),(626,0.1,11,41,2),(627,2.7,11,42,2),(628,2.8,11,43,2),(629,3.8,11,44,2),(630,5,11,45,2),(631,3.8,11,46,2),(632,5,11,47,2),(633,4.5,11,48,2),(634,4.6,11,49,2),(635,4,11,50,2),(636,4.1,11,51,2),(637,3.8,11,52,2),(638,5.8,11,53,2),(639,3.4,11,54,2),(640,3.8,11,55,2),(641,3.3,11,56,2),(642,3.1,11,57,2),(643,4.5,11,58,2),(644,1.8,11,59,2),(645,0.3,11,60,2),(646,3.6,11,61,2),(647,4.2,11,62,2),(648,5.1,11,63,2),(649,6.7,11,64,2),(650,6.1,11,65,2),(651,0,12,1,2),(652,5.3,12,2,2),(653,0.6,12,3,2),(654,0,12,4,2),(655,0,12,5,2),(656,0,12,6,2),(657,6,12,7,2),(658,4.9,12,8,2),(659,4.5,12,9,2),(660,0.4,12,10,2),(661,0,12,11,2),(662,5.4,12,12,2),(663,0.6,12,13,2),(664,3.6,12,14,2),(665,0,12,15,2),(666,0.4,12,16,2),(667,0,12,17,2),(668,7.5,12,18,2),(669,0,12,19,2),(670,7.9,12,20,2),(671,0,12,21,2),(672,8,12,22,2),(673,0,12,23,2),(674,8.5,12,24,2),(675,0,12,25,2),(676,5,12,26,2),(677,0,12,27,2),(678,0,12,28,2),(679,7.5,12,29,2),(680,0,12,30,2),(681,5.5,12,31,2),(682,5.7,12,32,2),(683,5.5,12,33,2),(684,4,12,34,2),(685,4,12,35,2),(686,12,12,36,2),(687,0,12,37,2),(688,0,12,38,2),(689,0,12,39,2),(690,0,12,40,2),(691,0,12,41,2),(692,0,12,42,2),(693,0,12,43,2),(694,0,12,44,2),(695,0,12,45,2),(696,0,12,46,2),(697,0,12,47,2),(698,10,12,48,2),(699,0,12,49,2),(700,0,12,50,2),(701,3.5,12,51,2),(702,4.5,12,52,2),(703,5.5,12,53,2),(704,0,12,54,2),(705,0,12,55,2),(706,9,12,56,2),(707,9,12,57,2),(708,9,12,58,2),(709,0,12,59,2),(710,0,12,60,2),(711,7.8,12,61,2),(712,1.1,12,62,2),(713,6,12,63,2),(714,6,12,64,2),(715,8,12,65,2),(716,2.8,13,1,2),(717,0.7,13,2,2),(718,-0.5,13,3,2),(719,0.4,13,4,2),(720,2.1,13,5,2),(721,1.2,13,6,2),(722,-1.3,13,7,2),(723,0.4,13,8,2),(724,2.4,13,9,2),(725,0.8,13,10,2),(726,2.8,13,11,2),(727,2.1,13,12,2),(728,4.3,13,13,2),(729,1.7,13,14,2),(730,1.6,13,15,2),(731,2.8,13,16,2),(732,4.4,13,17,2),(733,9.9,13,18,2),(734,8.4,13,19,2),(735,0,13,20,2),(736,16.2,13,21,2),(737,6.8,13,22,2),(738,3.8,13,23,2),(739,0.7,13,24,2),(740,1.6,13,25,2),(741,1.2,13,26,2),(742,3.4,13,27,2),(743,4.8,13,28,2),(744,3.7,13,29,2),(745,2,13,30,2),(746,-3.4,13,31,2),(747,15.9,13,32,2),(748,8.7,13,33,2),(749,5.1,13,34,2),(750,4.3,13,35,2),(751,4.5,13,36,2),(752,0.4,13,37,2),(753,2.5,13,38,2),(754,5.1,13,39,2),(755,5.2,13,40,2),(756,-0.7,13,41,2),(757,4.4,13,42,2),(758,4.4,13,43,2),(759,5.7,13,44,2),(760,5.8,13,45,2),(761,6.5,13,46,2),(762,6.4,13,47,2),(763,5.2,13,48,2),(764,2.4,13,49,2),(765,8.8,13,50,2),(766,4.4,13,51,2),(767,4.1,13,52,2),(768,5.6,13,53,2),(769,3.9,13,54,2),(770,3,13,55,2),(771,4,13,56,2),(772,5.2,13,57,2),(773,1.4,13,58,2),(774,4.8,13,59,2),(775,9.7,13,60,2),(776,6.3,13,61,2),(777,6,13,62,2),(778,2.8,13,63,2),(779,7.5,13,64,2),(780,3,13,65,2),(781,2.2,14,1,2),(782,3.4,14,2,2),(783,1.9,14,3,2),(784,1.5,14,4,2),(785,0.9,14,5,2),(786,0.1,14,6,2),(787,2.8,14,7,2),(788,0.5,14,8,2),(789,0.6,14,9,2),(790,1.4,14,10,2),(791,3.5,14,11,2),(792,4.1,14,12,2),(793,2.3,14,13,2),(794,3.5,14,14,2),(795,1.4,14,15,2),(796,4.7,14,16,2),(797,2.1,14,17,2),(798,3.6,14,18,2),(799,5.3,14,19,2),(800,3.2,14,20,2),(801,9.6,14,21,2),(802,8.4,14,22,2),(803,2.8,14,23,2),(804,2.4,14,24,2),(805,0.9,14,25,2),(806,1.4,14,26,2),(807,2.4,14,27,2),(808,3.9,14,28,2),(809,5,14,29,2),(810,2,14,30,2),(811,1.5,14,31,2),(812,1.9,14,32,2),(813,3.5,14,33,2),(814,2.3,14,34,2),(815,4.9,14,35,2),(816,5.1,14,36,2),(817,1.3,14,37,2),(818,0.8,14,38,2),(819,1.2,14,39,2),(820,0.9,14,40,2),(821,0.6,14,41,2),(822,1.3,14,42,2),(823,1,14,43,2),(824,2.3,14,44,2),(825,3.5,14,45,2),(826,4.5,14,46,2),(827,2.3,14,47,2),(828,3.5,14,48,2),(829,7,14,49,2),(830,4.5,14,50,2),(831,3.3,14,51,2),(832,8,14,52,2),(833,9.5,14,53,2),(834,3.1,14,54,2),(835,1.2,14,55,2),(836,1.8,14,56,2),(837,2.1,14,57,2),(838,1.3,14,58,2),(839,2.1,14,59,2),(840,0.6,14,60,2),(841,1.7,14,61,2),(842,6.6,14,62,2),(843,6.8,14,63,2),(844,4.6,14,64,2),(845,9.1,14,65,2),(846,0.6,15,1,2),(847,0.2,15,2,2),(848,0.7,15,3,2),(849,-0.8,15,4,2),(850,0.6,15,5,2),(851,0.1,15,6,2),(852,1.3,15,7,2),(853,2.3,15,8,2),(854,0.4,15,9,2),(855,0,15,10,2),(856,1.4,15,11,2),(857,1.8,15,12,2),(858,0.4,15,13,2),(859,7.9,15,14,2),(860,1.1,15,15,2),(861,7.7,15,16,2),(862,0.4,15,17,2),(863,8.4,15,18,2),(864,0.4,15,19,2),(865,5.8,15,20,2),(866,8.4,15,21,2),(867,5.6,15,22,2),(868,2.6,15,23,2),(869,5.9,15,24,2),(870,7.6,15,25,2),(871,5,15,26,2),(872,7.2,15,27,2),(873,3.2,15,28,2),(874,-0.1,15,29,2),(875,2,15,30,2),(876,0.2,15,31,2),(877,-0.1,15,32,2),(878,2.8,15,33,2),(879,0.7,15,34,2),(880,1.5,15,35,2),(881,3.5,15,36,2),(882,0.5,15,37,2),(883,1.3,15,38,2),(884,1.4,15,39,2),(885,0.4,15,40,2),(886,0.6,15,41,2),(887,0.5,15,42,2),(888,0.4,15,43,2),(889,0.7,15,44,2),(890,0.9,15,45,2),(891,1.1,15,46,2),(892,4.4,15,47,2),(893,7.1,15,48,2),(894,-2.6,15,49,2),(895,0.8,15,50,2),(896,3.6,15,51,2),(897,1.3,15,52,2),(898,1.6,15,53,2),(899,3,15,54,2),(900,0.2,15,55,2),(901,1.2,15,56,2),(902,4.7,15,57,2),(903,9.3,15,58,2),(904,-3.3,15,59,2),(905,14,15,60,2),(906,-3.5,15,61,2),(907,-3.3,15,62,2),(908,5.4,15,63,2),(909,6.3,15,64,2),(910,2.5,15,65,2),(911,3.9,16,1,2),(912,4.3,16,2,2),(913,2.5,16,3,2),(914,6.9,16,4,2),(915,0,16,5,2),(916,1.8,16,6,2),(917,0.6,16,7,2),(918,1.9,16,8,2),(919,1,16,9,2),(920,4.9,16,10,2),(921,0.5,16,11,2),(922,2.3,16,12,2),(923,1.9,16,13,2),(924,7.6,16,14,2),(925,2.4,16,15,2),(926,0.7,16,16,2),(927,3.4,16,17,2),(928,0,16,18,2),(929,0.3,16,19,2),(930,15.6,16,20,2),(931,1.2,16,21,2),(932,0,16,22,2),(933,4.6,16,23,2),(934,6.8,16,24,2),(935,8.4,16,25,2),(936,1.4,16,26,2),(937,4.3,16,27,2),(938,3,16,28,2),(939,1.1,16,29,2),(940,8.1,16,30,2),(941,0,16,31,2),(942,1.2,16,32,2),(943,6.7,16,33,2),(944,0,16,34,2),(945,6.9,16,35,2),(946,10.5,16,36,2),(947,0,16,37,2),(948,2.3,16,38,2),(949,8.6,16,39,2),(950,-3.1,16,40,2),(951,0,16,41,2),(952,0,16,42,2),(953,1.7,16,43,2),(954,0,16,44,2),(955,-0.9,16,45,2),(956,-0.8,16,46,2),(957,-1.9,16,47,2),(958,0,16,48,2),(959,17.2,16,49,2),(960,0.9,16,50,2),(961,0,16,51,2),(962,0.4,16,52,2),(963,1.7,16,53,2),(964,7.1,16,54,2),(965,0,16,55,2),(966,-1.3,16,56,2),(967,4.2,16,57,2),(968,1,16,58,2),(969,0,16,59,2),(970,1.4,16,60,2),(971,8.8,16,61,2),(972,1.5,16,62,2),(973,1.9,16,63,2),(974,4.4,16,64,2),(975,3,16,65,2),(976,0.5,20,1,2),(977,4.4,20,2,2),(978,6.7,20,3,2),(979,3.9,20,4,2),(980,1.9,20,5,2),(981,0.7,20,6,2),(982,0.7,20,7,2),(983,1.5,20,8,2),(984,5.2,20,9,2),(985,0.7,20,10,2),(986,0.4,20,11,2),(987,0,20,12,2),(988,0.1,20,13,2),(989,1.5,20,14,2),(990,14.7,20,15,2),(991,0.6,20,16,2),(992,0.3,20,17,2),(993,1.5,20,18,2),(994,2.2,20,19,2),(995,2,20,20,2),(996,2.2,20,21,2),(997,2.9,20,22,2),(998,1.1,20,23,2),(999,2.1,20,24,2),(1000,0.3,20,25,2),(1001,2,20,26,2),(1002,17.7,20,27,2),(1003,1,20,28,2),(1004,5.3,20,29,2),(1005,2.1,20,30,2),(1006,2.2,20,31,2),(1007,1.9,20,32,2),(1008,0.9,20,33,2),(1009,1.3,20,34,2),(1010,7.5,20,35,2),(1011,3.7,20,36,2),(1012,1.1,20,37,2),(1013,0.8,20,38,2),(1014,20,20,39,2),(1015,-2.2,20,40,2),(1016,-2,20,41,2),(1017,-0.5,20,42,2),(1018,-0.5,20,43,2),(1019,1.1,20,44,2),(1020,0.2,20,45,2),(1021,0,20,46,2),(1022,0.5,20,47,2),(1023,0,20,48,2),(1024,0.7,20,49,2),(1025,0,20,50,2),(1026,30.1,20,51,2),(1027,3.1,20,52,2),(1028,2.7,20,53,2),(1029,1,20,54,2),(1030,3.9,20,55,2),(1031,4.4,20,56,2),(1032,3.7,20,57,2),(1033,1,20,58,2),(1034,0.4,20,59,2),(1035,1.6,20,60,2),(1036,0.7,20,61,2),(1037,2,20,62,2),(1038,22.1,20,63,2),(1039,3.5,20,64,2),(1040,3.4,20,65,2),(1041,4.8,1,66,2),(1042,6.1,2,66,2),(1043,8.3,3,66,2),(1044,5.9,4,66,2),(1045,5.6,5,66,2),(1046,5.4,6,66,2),(1047,6.6,7,66,2),(1048,4.5,8,66,2),(1049,12,9,66,2),(1050,7,11,66,2),(1051,10,12,66,2),(1052,2.6,13,66,2),(1053,4.4,14,66,2),(1054,2.8,15,66,2),(1055,0,16,66,2),(1056,2.2,20,66,2),(1057,5.9,1,67,2),(1058,6.2,2,67,2),(1059,9.3,3,67,2),(1060,4.1,4,67,2),(1061,7.1,5,67,2),(1062,8.4,6,67,2),(1063,3,7,67,2),(1064,13.3,8,67,2),(1065,0.8,9,67,2),(1066,7.4,11,67,2),(1067,4,12,67,2),(1068,4.9,13,67,2),(1069,4.9,14,67,2),(1070,0.3,15,67,2),(1071,4.2,16,67,2),(1072,7.9,20,67,2);
/*!40000 ALTER TABLE `ipc_aperturas` ENABLE KEYS */;
UNLOCK TABLES;

--
-- Table structure for table `ipc_divisiones`
--

DROP TABLE IF EXISTS `ipc_divisiones`;
/*!40101 SET @saved_cs_client     = @@character_set_client */;
/*!50503 SET character_set_client = utf8mb4 */;
CREATE TABLE `ipc_divisiones` (
  `id_ipc_division` int NOT NULL AUTO_INCREMENT,
  `valor_ipc_division` float DEFAULT NULL,
  `id_division` int NOT NULL,
  `id_periodo` int NOT NULL,
  `id_region` int NOT NULL,
  PRIMARY KEY (`id_ipc_division`),
  KEY `id_division` (`id_division`),
  KEY `id_periodo` (`id_periodo`),
  KEY `id_region` (`id_region`),
  CONSTRAINT `ipc_divisiones_ibfk_1` FOREIGN KEY (`id_division`) REFERENCES `divisiones` (`id_division`),
  CONSTRAINT `ipc_divisiones_ibfk_2` FOREIGN KEY (`id_periodo`) REFERENCES `periodo` (`id_periodo`),
  CONSTRAINT `ipc_divisiones_ibfk_3` FOREIGN KEY (`id_region`) REFERENCES `region` (`id_region`)
) ENGINE=InnoDB AUTO_INCREMENT=1073 DEFAULT CHARSET=utf8mb4 COLLATE=utf8mb4_0900_ai_ci;
/*!40101 SET character_set_client = @saved_cs_client */;

--
-- Dumping data for table `ipc_divisiones`
--

LOCK TABLES `ipc_divisiones` WRITE;
/*!40000 ALTER TABLE `ipc_divisiones` DISABLE KEYS */;
INSERT INTO `ipc_divisiones` VALUES (1,1.3,1,1,1),(2,1.8,1,2,1),(3,2.8,1,3,1),(4,2.2,1,4,1),(5,1.3,1,5,1),(6,0.9,1,6,1),(7,1.1,1,7,1),(8,2.1,1,8,1),(9,1.8,1,9,1),(10,1.5,1,10,1),(11,1.2,1,11,1),(12,0.7,1,12,1),(13,2.1,1,13,1),(14,2.2,1,14,1),(15,2.3,1,15,1),(16,1.2,1,16,1),(17,3.3,1,17,1),(18,5.2,1,18,1),(19,4,1,19,1),(20,4,1,20,1),(21,7,1,21,1),(22,5.9,1,22,1),(23,3.4,1,23,1),(24,1.7,1,24,1),(25,3.4,1,25,1),(26,5.7,1,26,1),(27,6,1,27,1),(28,2.5,1,28,1),(29,2.4,1,29,1),(30,2.6,1,30,1),(31,2.3,1,31,1),(32,4.5,1,32,1),(33,5.7,1,33,1),(34,2.5,1,34,1),(35,5.3,1,35,1),(36,3.1,1,36,1),(37,4.7,1,37,1),(38,2.7,1,38,1),(39,3.9,1,39,1),(40,3.2,1,40,1),(41,0.7,1,41,1),(42,1,1,42,1),(43,1.3,1,43,1),(44,3.5,1,44,1),(45,3,1,45,1),(46,4.8,1,46,1),(47,2.7,1,47,1),(48,4.4,1,48,1),(49,4.8,1,49,1),(50,3.8,1,50,1),(51,4.6,1,51,1),(52,4.3,1,52,1),(53,3.1,1,53,1),(54,3.2,1,54,1),(55,3.4,1,55,1),(56,1.5,1,56,1),(57,2.9,1,57,1),(58,3.4,1,58,1),(59,2.1,1,59,1),(60,4.3,1,60,1),(61,4.9,1,61,1),(62,7.5,1,62,1),(63,7.2,1,63,1),(64,5.9,1,64,1),(65,4.4,1,65,1),(66,0.9,2,1,1),(67,4.3,2,2,1),(68,1.9,2,3,1),(69,2.4,2,4,1),(70,1.7,2,5,1),(71,0.7,2,6,1),(72,3,2,7,1),(73,1.3,2,8,1),(74,0.7,2,9,1),(75,3,2,10,1),(76,1.1,2,11,1),(77,0.5,2,12,1),(78,2.3,2,13,1),(79,1.7,2,14,1),(80,0.7,2,15,1),(81,1.3,2,16,1),(82,1.6,2,17,1),(83,0.9,2,18,1),(84,2.6,2,19,1),(85,1.4,2,20,1),(86,4.4,2,21,1),(87,2.3,2,22,1),(88,4.6,2,23,1),(89,1.4,2,24,1),(90,3.5,2,25,1),(91,2.4,2,26,1),(92,4.1,2,27,1),(93,1,2,28,1),(94,2.2,2,29,1),(95,2.7,2,30,1),(96,0.9,2,31,1),(97,4.4,2,32,1),(98,5.7,2,33,1),(99,6.2,2,34,1),(100,5.6,2,35,1),(101,3.1,2,36,1),(102,4.3,2,37,1),(103,1.3,2,38,1),(104,2.9,2,39,1),(105,1.4,2,40,1),(106,0.1,2,41,1),(107,3.8,2,42,1),(108,1.4,2,43,1),(109,1.3,2,44,1),(110,4.3,2,45,1),(111,1.9,2,46,1),(112,3,2,47,1),(113,3.4,2,48,1),(114,4.5,2,49,1),(115,3.6,2,50,1),(116,6.4,2,51,1),(117,3.6,2,52,1),(118,1.6,2,53,1),(119,5.5,2,54,1),(120,3.1,2,55,1),(121,2,2,56,1),(122,5.9,2,57,1),(123,2.2,2,58,1),(124,1.1,2,59,1),(125,5.4,2,60,1),(126,1.8,2,61,1),(127,2.7,2,62,1),(128,5.7,2,63,1),(129,3.3,2,64,1),(130,5.7,2,65,1),(131,-1,3,1,1),(132,-0.2,3,2,1),(133,3.4,3,3,1),(134,4.5,3,4,1),(135,1.7,3,5,1),(136,0.9,3,6,1),(137,-1.2,3,7,1),(138,-0.6,3,8,1),(139,3.8,3,9,1),(140,2.1,3,10,1),(141,1.3,3,11,1),(142,0.8,3,12,1),(143,-0.8,3,13,1),(144,-0.6,3,14,1),(145,4.4,3,15,1),(146,4,3,16,1),(147,2,3,17,1),(148,1.9,3,18,1),(149,-0.1,3,19,1),(150,0.3,3,20,1),(151,9.8,3,21,1),(152,5,3,22,1),(153,2.3,3,23,1),(154,1.1,3,24,1),(155,-0.6,3,25,1),(156,1,3,26,1),(157,6.6,3,27,1),(158,6.2,3,28,1),(159,3.4,3,29,1),(160,1.9,3,30,1),(161,0.3,3,31,1),(162,3.1,3,32,1),(163,9.5,3,33,1),(164,4.7,3,34,1),(165,4.4,3,35,1),(166,2.4,3,36,1),(167,1.1,3,37,1),(168,2.4,3,38,1),(169,4.2,3,39,1),(170,1.5,3,40,1),(171,7.5,3,41,1),(172,6.6,3,42,1),(173,3.3,3,43,1),(174,2.2,3,44,1),(175,5.8,3,45,1),(176,6.2,3,46,1),(177,3.7,3,47,1),(178,3.6,3,48,1),(179,1.4,3,49,1),(180,2.8,3,50,1),(181,10.8,3,51,1),(182,6,3,52,1),(183,2.1,3,53,1),(184,3.5,3,54,1),(185,1.2,3,55,1),(186,3.4,3,56,1),(187,6,3,57,1),(188,5.1,3,58,1),(189,4.1,3,59,1),(190,4.8,3,60,1),(191,2.4,3,61,1),(192,3.4,3,62,1),(193,10.9,3,63,1),(194,9.9,3,64,1),(195,5.8,3,65,1),(196,1.5,4,1,1),(197,5.4,4,2,1),(198,3.6,4,3,1),(199,5.9,4,4,1),(200,1.8,4,5,1),(201,1.8,4,6,1),(202,2,4,7,1),(203,2.2,4,8,1),(204,2,4,9,1),(205,0.9,4,10,1),(206,1.2,4,11,1),(207,17.8,4,12,1),(208,1,4,13,1),(209,3.8,4,14,1),(210,0.6,4,15,1),(211,8,4,16,1),(212,-0.7,4,17,1),(213,2.7,4,18,1),(214,1,4,19,1),(215,6.2,4,20,1),(216,2.3,4,21,1),(217,8.8,4,22,1),(218,2.1,4,23,1),(219,3,4,24,1),(220,3.1,4,25,1),(221,6.4,4,26,1),(222,2.8,4,27,1),(223,2.9,4,28,1),(224,4,4,29,1),(225,2.7,4,30,1),(226,2.2,4,31,1),(227,2.1,4,32,1),(228,2,4,33,1),(229,1.9,4,34,1),(230,1.5,4,35,1),(231,2.1,4,36,1),(232,0.6,4,37,1),(233,0.6,4,38,1),(234,1.4,4,39,1),(235,0,4,40,1),(236,0.1,4,41,1),(237,0.9,4,42,1),(238,1,4,43,1),(239,2.3,4,44,1),(240,1.5,4,45,1),(241,2.3,4,46,1),(242,2.5,4,47,1),(243,3,4,48,1),(244,1.1,4,49,1),(245,2,4,50,1),(246,1.3,4,51,1),(247,3.5,4,52,1),(248,2,4,53,1),(249,2.5,4,54,1),(250,2.9,4,55,1),(251,1.1,4,56,1),(252,1.9,4,57,1),(253,2.5,4,58,1),(254,2.2,4,59,1),(255,2.1,4,60,1),(256,1.8,4,61,1),(257,2.8,4,62,1),(258,7.7,4,63,1),(259,4.6,4,64,1),(260,3.6,4,65,1),(261,2.4,6,1,1),(262,2.7,6,2,1),(263,2,6,3,1),(264,1.8,6,4,1),(265,1.5,6,5,1),(266,1.5,6,6,1),(267,3.3,6,7,1),(268,2.5,6,8,1),(269,2.4,6,9,1),(270,1.1,6,10,1),(271,1.3,6,11,1),(272,2.4,6,12,1),(273,1.8,6,13,1),(274,2.3,6,14,1),(275,1.3,6,15,1),(276,1.8,6,16,1),(277,2.2,6,17,1),(278,4.3,6,18,1),(279,2.8,6,19,1),(280,4.1,6,20,1),(281,4.5,6,21,1),(282,5.5,6,22,1),(283,5.7,6,23,1),(284,5.2,6,24,1),(285,2.9,6,25,1),(286,3.2,6,26,1),(287,3.2,6,27,1),(288,3.5,6,28,1),(289,5.1,6,29,1),(290,3.6,6,30,1),(291,4.1,6,31,1),(292,5.2,6,32,1),(293,8.3,6,33,1),(294,4.7,6,34,1),(295,6.3,6,35,1),(296,5.6,6,36,1),(297,-2,6,37,1),(298,0.4,6,38,1),(299,2.7,6,39,1),(300,1.2,6,40,1),(301,1.1,6,41,1),(302,2.2,6,42,1),(303,2.2,6,43,1),(304,2.4,6,44,1),(305,3.5,6,45,1),(306,3.1,6,46,1),(307,3.7,6,47,1),(308,5.2,6,48,1),(309,3.4,6,49,1),(310,3.5,6,50,1),(311,4,6,51,1),(312,3.7,6,52,1),(313,4.8,6,53,1),(314,3.2,6,54,1),(315,3.8,6,55,1),(316,4.2,6,56,1),(317,4.3,6,57,1),(318,4.7,6,58,1),(319,2.4,6,59,1),(320,0.5,6,60,1),(321,4.1,6,61,1),(322,3.6,6,62,1),(323,5,6,63,1),(324,6.4,6,64,1),(325,6.2,6,65,1),(326,2.1,7,1,1),(327,1.9,7,2,1),(328,1.2,7,3,1),(329,0.6,7,4,1),(330,0.9,7,5,1),(331,0.7,7,6,1),(332,2.2,7,7,1),(333,1.1,7,8,1),(334,0.8,7,9,1),(335,1.3,7,10,1),(336,3,7,11,1),(337,3.2,7,12,1),(338,2.2,7,13,1),(339,4.5,7,14,1),(340,1.8,7,15,1),(341,4,7,16,1),(342,1.9,7,17,1),(343,5.9,7,18,1),(344,5.2,7,19,1),(345,4,7,20,1),(346,10.4,7,21,1),(347,7.6,7,22,1),(348,2.7,7,23,1),(349,2.4,7,24,1),(350,2.5,7,25,1),(351,2.2,7,26,1),(352,4.2,7,27,1),(353,4.4,7,28,1),(354,3.5,7,29,1),(355,1.6,7,30,1),(356,1.1,7,31,1),(357,4,7,32,1),(358,4.7,7,33,1),(359,3.5,7,34,1),(360,4.6,7,35,1),(361,5,7,36,1),(362,1.5,7,37,1),(363,1.6,7,38,1),(364,1.6,7,39,1),(365,1.3,7,40,1),(366,1.1,7,41,1),(367,1.8,7,42,1),(368,1.8,7,43,1),(369,2.8,7,44,1),(370,3.6,7,45,1),(371,4.2,7,46,1),(372,3.6,7,47,1),(373,4.9,7,48,1),(374,4.6,7,49,1),(375,4.8,7,50,1),(376,4.2,7,51,1),(377,5.7,7,52,1),(378,6,7,53,1),(379,3.3,7,54,1),(380,2.3,7,55,1),(381,2.4,7,56,1),(382,3,7,57,1),(383,3.1,7,58,1),(384,2.2,7,59,1),(385,4.9,7,60,1),(386,2.8,7,61,1),(387,4.9,7,62,1),(388,5.5,7,63,1),(389,5.3,7,64,1),(390,6.1,7,65,1),(391,3.1,8,1,1),(392,4.1,8,2,1),(393,3.2,8,3,1),(394,6.8,8,4,1),(395,0.3,8,5,1),(396,1.2,8,6,1),(397,0.9,8,7,1),(398,1.5,8,8,1),(399,1.1,8,9,1),(400,5.3,8,10,1),(401,0.7,8,11,1),(402,1.7,8,12,1),(403,1.9,8,13,1),(404,9.1,8,14,1),(405,2.7,8,15,1),(406,1,8,16,1),(407,3.9,8,17,1),(408,0.4,8,18,1),(409,0.6,8,19,1),(410,12.4,8,20,1),(411,2.1,8,21,1),(412,0.7,8,22,1),(413,3,8,23,1),(414,7.7,8,24,1),(415,7.4,8,25,1),(416,1.1,8,26,1),(417,4.4,8,27,1),(418,3.5,8,28,1),(419,2,8,29,1),(420,7.1,8,30,1),(421,0.2,8,31,1),(422,1.2,8,32,1),(423,6.7,8,33,1),(424,0.5,8,34,1),(425,7.4,8,35,1),(426,9.6,8,36,1),(427,0.1,8,37,1),(428,2.3,8,38,1),(429,8.3,8,39,1),(430,-4.1,8,40,1),(431,0.3,8,41,1),(432,0.4,8,42,1),(433,0.7,8,43,1),(434,0.3,8,44,1),(435,0.1,8,45,1),(436,-0.1,8,46,1),(437,-0.6,8,47,1),(438,0,8,48,1),(439,15.1,8,49,1),(440,1.8,8,50,1),(441,0.1,8,51,1),(442,0.5,8,52,1),(443,1,8,53,1),(444,7,8,54,1),(445,0.4,8,55,1),(446,-0.6,8,56,1),(447,2.8,8,57,1),(448,1.1,8,58,1),(449,0.8,8,59,1),(450,1.8,8,60,1),(451,7.5,8,61,1),(452,1.5,8,62,1),(453,3.4,8,63,1),(454,3.7,8,64,1),(455,3.1,8,65,1),(456,0.8,10,1,1),(457,3.2,10,2,1),(458,10.9,10,3,1),(459,2.9,10,4,1),(460,1.7,10,5,1),(461,1,10,6,1),(462,0.8,10,7,1),(463,2,10,8,1),(464,3.7,10,9,1),(465,0.8,10,10,1),(466,0.3,10,11,1),(467,0,10,12,1),(468,0.6,10,13,1),(469,1.9,10,14,1),(470,13.8,10,15,1),(471,0.8,10,16,1),(472,0.9,10,17,1),(473,1.2,10,18,1),(474,1.8,10,19,1),(475,1.9,10,20,1),(476,1.6,10,21,1),(477,2.1,10,22,1),(478,1.2,10,23,1),(479,1,10,24,1),(480,0.6,10,25,1),(481,1.7,10,26,1),(482,17.9,10,27,1),(483,1.5,10,28,1),(484,3.3,10,29,1),(485,1.8,10,30,1),(486,2.1,10,31,1),(487,2.5,10,32,1),(488,1,10,33,1),(489,1.6,10,34,1),(490,4.4,10,35,1),(491,2,10,36,1),(492,0.5,10,37,1),(493,1.4,10,38,1),(494,17.5,10,39,1),(495,-1.5,10,40,1),(496,-0.4,10,41,1),(497,0.4,10,42,1),(498,0.1,10,43,1),(499,0.8,10,44,1),(500,0.3,10,45,1),(501,0.1,10,46,1),(502,0.4,10,47,1),(503,0,10,48,1),(504,0.6,10,49,1),(505,0.1,10,50,1),(506,28.5,10,51,1),(507,2.5,10,52,1),(508,2.3,10,53,1),(509,1.1,10,54,1),(510,2.5,10,55,1),(511,4.2,10,56,1),(512,3.1,10,57,1),(513,1.4,10,58,1),(514,0.8,10,59,1),(515,1,10,60,1),(516,0.8,10,61,1),(517,2.6,10,62,1),(518,23.6,10,63,1),(519,3.7,10,64,1),(520,3.2,10,65,1),(521,1.3,1,1,2),(522,1.8,1,2,2),(523,3.5,1,3,2),(524,2.3,1,4,2),(525,1.1,1,5,2),(526,1.3,1,6,2),(527,1.2,1,7,2),(528,2.2,1,8,2),(529,1.9,1,9,2),(530,1.5,1,10,2),(531,1,1,11,2),(532,0.5,1,12,2),(533,2.6,1,13,2),(534,2.4,1,14,2),(535,2,1,15,2),(536,0.8,1,16,2),(537,3.7,1,17,2),(538,4.7,1,18,2),(539,4,1,19,2),(540,3.5,1,20,2),(541,7.3,1,21,2),(542,6.1,1,22,2),(543,3.1,1,23,2),(544,1.6,1,24,2),(545,3.8,1,25,2),(546,5.5,1,26,2),(547,5.8,1,27,2),(548,2,1,28,2),(549,2.6,1,29,2),(550,2.7,1,30,2),(551,2.5,1,31,2),(552,4.3,1,32,2),(553,5.7,1,33,2),(554,2.5,1,34,2),(555,5.7,1,35,2),(556,2.8,1,36,2),(557,4.6,1,37,2),(558,2.4,1,38,2),(559,3.8,1,39,2),(560,3.2,1,40,2),(561,0.3,1,41,2),(562,1.2,1,42,2),(563,1.3,1,43,2),(564,3.7,1,44,2),(565,2.8,1,45,2),(566,4.8,1,46,2),(567,2.1,1,47,2),(568,2.8,1,48,2),(569,4,1,49,2),(570,4,1,50,2),(571,4.9,1,51,2),(572,4.7,1,52,2),(573,3.1,1,53,2),(574,3.4,1,54,2),(575,3.6,1,55,2),(576,1.4,1,56,2),(577,3.3,1,57,2),(578,3.6,1,58,2),(579,1.8,1,59,2),(580,3.9,1,60,2),(581,5.2,1,61,2),(582,8.6,1,62,2),(583,6.1,1,63,2),(584,5.9,1,64,2),(585,4.4,1,65,2),(586,0.5,2,1,2),(587,5,2,2,2),(588,1.5,2,3,2),(589,2.3,2,4,2),(590,1.9,2,5,2),(591,0.5,2,6,2),(592,3.4,2,7,2),(593,1.3,2,8,2),(594,0.7,2,9,2),(595,3.2,2,10,2),(596,1.1,2,11,2),(597,0.6,2,12,2),(598,2.1,2,13,2),(599,1.7,2,14,2),(600,0.7,2,15,2),(601,1.1,2,16,2),(602,1.4,2,17,2),(603,1.1,2,18,2),(604,2.6,2,19,2),(605,1.1,2,20,2),(606,4.4,2,21,2),(607,2.5,2,22,2),(608,4.9,2,23,2),(609,1.3,2,24,2),(610,3.8,2,25,2),(611,2.3,2,26,2),(612,4.1,2,27,2),(613,1.1,2,28,2),(614,2.1,2,29,2),(615,2.8,2,30,2),(616,1.2,2,31,2),(617,4.4,2,32,2),(618,5.9,2,33,2),(619,6.4,2,34,2),(620,5.4,2,35,2),(621,3.1,2,36,2),(622,4.5,2,37,2),(623,1.2,2,38,2),(624,3.2,2,39,2),(625,1,2,40,2),(626,0,2,41,2),(627,3.7,2,42,2),(628,1.6,2,43,2),(629,1.5,2,44,2),(630,4.5,2,45,2),(631,2.1,2,46,2),(632,2.4,2,47,2),(633,2.8,2,48,2),(634,4.1,2,49,2),(635,3.6,2,50,2),(636,6.3,2,51,2),(637,3.8,2,52,2),(638,1.1,2,53,2),(639,5.7,2,54,2),(640,3.5,2,55,2),(641,1.8,2,56,2),(642,6.2,2,57,2),(643,1.4,2,58,2),(644,0.9,2,59,2),(645,5.2,2,60,2),(646,1.6,2,61,2),(647,2.7,2,62,2),(648,6,2,63,2),(649,3.4,2,64,2),(650,5.5,2,65,2),(651,-2.1,3,1,2),(652,-0.5,3,2,2),(653,4.8,3,3,2),(654,5.1,3,4,2),(655,0.6,3,5,2),(656,0.6,3,6,2),(657,-1.8,3,7,2),(658,-0.9,3,8,2),(659,5.9,3,9,2),(660,1.6,3,10,2),(661,1.1,3,11,2),(662,0.7,3,12,2),(663,-1.8,3,13,2),(664,-0.6,3,14,2),(665,6.8,3,15,2),(666,3.3,3,16,2),(667,1.7,3,17,2),(668,2.1,3,18,2),(669,-0.7,3,19,2),(670,0.8,3,20,2),(671,13.1,3,21,2),(672,4.9,3,22,2),(673,1.7,3,23,2),(674,0.4,3,24,2),(675,-0.9,3,25,2),(676,1,3,26,2),(677,8.4,3,27,2),(678,6.2,3,28,2),(679,2.5,3,29,2),(680,1.3,3,30,2),(681,0,3,31,2),(682,3.1,3,32,2),(683,11.7,3,33,2),(684,4.6,3,34,2),(685,4.1,3,35,2),(686,2,3,36,2),(687,0.6,3,37,2),(688,2.3,3,38,2),(689,4.1,3,39,2),(690,1.4,3,40,2),(691,10.1,3,41,2),(692,5.2,3,42,2),(693,1.4,3,43,2),(694,2.6,3,44,2),(695,7.5,3,45,2),(696,6.2,3,46,2),(697,3,3,47,2),(698,4,3,48,2),(699,0.1,3,49,2),(700,2.3,3,50,2),(701,16.2,3,51,2),(702,4.9,3,52,2),(703,0.2,3,53,2),(704,3.9,3,54,2),(705,0.6,3,55,2),(706,3.9,3,56,2),(707,6.7,3,57,2),(708,5.8,3,58,2),(709,3.3,3,59,2),(710,5.4,3,60,2),(711,2,3,61,2),(712,2.9,3,62,2),(713,13.6,3,63,2),(714,10.7,3,64,2),(715,5,3,65,2),(716,0,4,1,2),(717,8.4,4,2,2),(718,2.2,4,3,2),(719,4.6,4,4,2),(720,1.9,4,5,2),(721,2.4,4,6,2),(722,2.5,4,7,2),(723,2.6,4,8,2),(724,0.8,4,9,2),(725,0.5,4,10,2),(726,1,4,11,2),(727,18.9,4,12,2),(728,-1.6,4,13,2),(729,4.9,4,14,2),(730,1,4,15,2),(731,6.7,4,16,2),(732,-1.3,4,17,2),(733,3.9,4,18,2),(734,0,4,19,2),(735,8.6,4,20,2),(736,0.7,4,21,2),(737,7.1,4,22,2),(738,1,4,23,2),(739,4.7,4,24,2),(740,1.4,4,25,2),(741,7.1,4,26,2),(742,3.6,4,27,2),(743,3.4,4,28,2),(744,3.5,4,29,2),(745,2.6,4,30,2),(746,2.4,4,31,2),(747,1.6,4,32,2),(748,1.6,4,33,2),(749,2,4,34,2),(750,1.7,4,35,2),(751,2.7,4,36,2),(752,-0.6,4,37,2),(753,1.2,4,38,2),(754,2,4,39,2),(755,0.2,4,40,2),(756,0.3,4,41,2),(757,0.7,4,42,2),(758,0.5,4,43,2),(759,2.5,4,44,2),(760,1.1,4,45,2),(761,2.2,4,46,2),(762,2.5,4,47,2),(763,4.1,4,48,2),(764,-1,4,49,2),(765,2.2,4,50,2),(766,1,4,51,2),(767,4.1,4,52,2),(768,2.7,4,53,2),(769,2.2,4,54,2),(770,3.6,4,55,2),(771,2.9,4,56,2),(772,1.4,4,57,2),(773,2.9,4,58,2),(774,1.8,4,59,2),(775,2.5,4,60,2),(776,1,4,61,2),(777,2.5,4,62,2),(778,8.4,4,63,2),(779,4.8,4,64,2),(780,2.8,4,65,2),(781,1.4,6,1,2),(782,3.3,6,2,2),(783,1.9,6,3,2),(784,1.4,6,4,2),(785,1.5,6,5,2),(786,1.3,6,6,2),(787,3.4,6,7,2),(788,2.9,6,8,2),(789,2.4,6,9,2),(790,0.8,6,10,2),(791,1.2,6,11,2),(792,2.9,6,12,2),(793,1.9,6,13,2),(794,2.7,6,14,2),(795,1,6,15,2),(796,1.5,6,16,2),(797,2.3,6,17,2),(798,4.8,6,18,2),(799,2.4,6,19,2),(800,5.1,6,20,2),(801,4.3,6,21,2),(802,5.8,6,22,2),(803,3.4,6,23,2),(804,6,6,24,2),(805,2.2,6,25,2),(806,3.6,6,26,2),(807,2.8,6,27,2),(808,3.1,6,28,2),(809,5.5,6,29,2),(810,2.7,6,30,2),(811,3.9,6,31,2),(812,5.4,6,32,2),(813,7.6,6,33,2),(814,4.6,6,34,2),(815,5.8,6,35,2),(816,6.4,6,36,2),(817,-2.3,6,37,2),(818,0.3,6,38,2),(819,2.6,6,39,2),(820,0.9,6,40,2),(821,0.8,6,41,2),(822,1.5,6,42,2),(823,1.7,6,43,2),(824,2.3,6,44,2),(825,2.9,6,45,2),(826,2.5,6,46,2),(827,3.4,6,47,2),(828,5.8,6,48,2),(829,3.2,6,49,2),(830,2.9,6,50,2),(831,4,6,51,2),(832,3.8,6,52,2),(833,5.3,6,53,2),(834,2.2,6,54,2),(835,2.9,6,55,2),(836,4.7,6,56,2),(837,4.7,6,57,2),(838,5.7,6,58,2),(839,2.1,6,59,2),(840,0.4,6,60,2),(841,4.9,6,61,2),(842,3.1,6,62,2),(843,5.5,6,63,2),(844,6.2,6,64,2),(845,6.1,6,65,2),(846,1.8,7,1,2),(847,1.8,7,2,2),(848,1,7,3,2),(849,0.5,7,4,2),(850,1.1,7,5,2),(851,0.3,7,6,2),(852,1.4,7,7,2),(853,1.1,7,8,2),(854,0.9,7,9,2),(855,0.8,7,10,2),(856,2.7,7,11,2),(857,2.9,7,12,2),(858,2.1,7,13,2),(859,4.5,7,14,2),(860,1.3,7,15,2),(861,5.3,7,16,2),(862,2,7,17,2),(863,6.5,7,18,2),(864,4.3,7,19,2),(865,3.3,7,20,2),(866,10.6,7,21,2),(867,7.1,7,22,2),(868,3,7,23,2),(869,3.1,7,24,2),(870,3.3,7,25,2),(871,2.6,7,26,2),(872,4.3,7,27,2),(873,3.9,7,28,2),(874,2.9,7,29,2),(875,2,7,30,2),(876,0,7,31,2),(877,4.2,7,32,2),(878,4.5,7,33,2),(879,2.5,7,34,2),(880,3.7,7,35,2),(881,4.4,7,36,2),(882,0.8,7,37,2),(883,1.4,7,38,2),(884,2.2,7,39,2),(885,1.9,7,40,2),(886,0.2,7,41,2),(887,1.9,7,42,2),(888,1.8,7,43,2),(889,2.8,7,44,2),(890,3.4,7,45,2),(891,4.1,7,46,2),(892,4.1,7,47,2),(893,5,7,48,2),(894,2.9,7,49,2),(895,4.8,7,50,2),(896,3.7,7,51,2),(897,5.1,7,52,2),(898,6.3,7,53,2),(899,3.3,7,54,2),(900,1.5,7,55,2),(901,2.3,7,56,2),(902,3.7,7,57,2),(903,3.2,7,58,2),(904,1.7,7,59,2),(905,6.7,7,60,2),(906,2,7,61,2),(907,4.1,7,62,2),(908,5,7,63,2),(909,6,7,64,2),(910,5.4,7,65,2),(911,3.8,8,1,2),(912,4.1,8,2,2),(913,2.4,8,3,2),(914,6.8,8,4,2),(915,0,8,5,2),(916,1.9,8,6,2),(917,0.5,8,7,2),(918,1.9,8,8,2),(919,0.9,8,9,2),(920,4.8,8,10,2),(921,0.6,8,11,2),(922,2.3,8,12,2),(923,1.9,8,13,2),(924,7.7,8,14,2),(925,2.3,8,15,2),(926,0.7,8,16,2),(927,3.6,8,17,2),(928,0.2,8,18,2),(929,0.4,8,19,2),(930,15.3,8,20,2),(931,1.4,8,21,2),(932,0.2,8,22,2),(933,4.6,8,23,2),(934,6.7,8,24,2),(935,8.2,8,25,2),(936,1.5,8,26,2),(937,4.2,8,27,2),(938,3.3,8,28,2),(939,1.2,8,29,2),(940,7.9,8,30,2),(941,0.2,8,31,2),(942,1.4,8,32,2),(943,6.7,8,33,2),(944,0.1,8,34,2),(945,6.8,8,35,2),(946,10.1,8,36,2),(947,0.1,8,37,2),(948,2.5,8,38,2),(949,8.3,8,39,2),(950,-2.9,8,40,2),(951,0.5,8,41,2),(952,0.4,8,42,2),(953,1.9,8,43,2),(954,0.3,8,44,2),(955,-0.8,8,45,2),(956,-0.5,8,46,2),(957,-1.8,8,47,2),(958,-0.1,8,48,2),(959,16.7,8,49,2),(960,1,8,50,2),(961,0.1,8,51,2),(962,0.5,8,52,2),(963,1.6,8,53,2),(964,7,8,54,2),(965,0.1,8,55,2),(966,-1.2,8,56,2),(967,3.9,8,57,2),(968,1,8,58,2),(969,-0.1,8,59,2),(970,1.5,8,60,2),(971,8.8,8,61,2),(972,1.6,8,62,2),(973,1.9,8,63,2),(974,4.4,8,64,2),(975,3.1,8,65,2),(976,0.5,10,1,2),(977,4.4,10,2,2),(978,6.7,10,3,2),(979,3.9,10,4,2),(980,1.9,10,5,2),(981,0.7,10,6,2),(982,0.7,10,7,2),(983,1.5,10,8,2),(984,5.2,10,9,2),(985,0.7,10,10,2),(986,0.4,10,11,2),(987,0,10,12,2),(988,0.1,10,13,2),(989,1.5,10,14,2),(990,14.7,10,15,2),(991,0.6,10,16,2),(992,0.3,10,17,2),(993,1.5,10,18,2),(994,2.2,10,19,2),(995,2,10,20,2),(996,2.2,10,21,2),(997,2.9,10,22,2),(998,1.1,10,23,2),(999,2.1,10,24,2),(1000,0.3,10,25,2),(1001,2,10,26,2),(1002,17.7,10,27,2),(1003,1,10,28,2),(1004,5.3,10,29,2),(1005,2.1,10,30,2),(1006,2.2,10,31,2),(1007,1.9,10,32,2),(1008,0.9,10,33,2),(1009,1.3,10,34,2),(1010,7.5,10,35,2),(1011,3.7,10,36,2),(1012,1.1,10,37,2),(1013,0.8,10,38,2),(1014,20,10,39,2),(1015,-2.2,10,40,2),(1016,-2,10,41,2),(1017,-0.5,10,42,2),(1018,-0.5,10,43,2),(1019,1.1,10,44,2),(1020,0.2,10,45,2),(1021,0,10,46,2),(1022,0.5,10,47,2),(1023,0,10,48,2),(1024,0.7,10,49,2),(1025,0,10,50,2),(1026,30.1,10,51,2),(1027,3.1,10,52,2),(1028,2.7,10,53,2),(1029,1,10,54,2),(1030,3.9,10,55,2),(1031,4.4,10,56,2),(1032,3.7,10,57,2),(1033,1,10,58,2),(1034,0.4,10,59,2),(1035,1.6,10,60,2),(1036,0.7,10,61,2),(1037,2,10,62,2),(1038,22.1,10,63,2),(1039,3.5,10,64,2),(1040,3.4,10,65,2),(1041,4.6,1,66,1),(1042,6.7,2,66,1),(1043,5.8,3,66,1),(1044,6.8,4,66,1),(1045,7.4,6,66,1),(1046,4.7,7,66,1),(1047,0.4,8,66,1),(1048,2,10,66,1),(1049,6,1,67,1),(1050,6.4,2,67,1),(1051,8.5,3,67,1),(1052,4.6,4,67,1),(1053,6.8,6,67,1),(1054,5.5,7,67,1),(1055,5.5,8,67,1),(1056,6.1,10,67,1),(1057,5,1,66,2),(1058,7,2,66,2),(1059,5.5,3,66,2),(1060,7.5,4,66,2),(1061,7.9,6,66,2),(1062,3.4,7,66,2),(1063,0.2,8,66,2),(1064,2.2,10,66,2),(1065,5.9,1,67,2),(1066,6.5,2,67,2),(1067,7.4,3,67,2),(1068,4.7,4,67,2),(1069,7,6,67,2),(1070,4,7,67,2),(1071,4.7,8,67,2),(1072,7.9,10,67,2);
/*!40000 ALTER TABLE `ipc_divisiones` ENABLE KEYS */;
UNLOCK TABLES;

--
-- Temporary view structure for view `ipc_gba_divisiones`
--

DROP TABLE IF EXISTS `ipc_gba_divisiones`;
/*!50001 DROP VIEW IF EXISTS `ipc_gba_divisiones`*/;
SET @saved_cs_client     = @@character_set_client;
/*!50503 SET character_set_client = utf8mb4 */;
/*!50001 CREATE VIEW `ipc_gba_divisiones` AS SELECT 
 1 AS `id_ipc_division`,
 1 AS `division`,
 1 AS `valor_ipc_division`,
 1 AS `mes`,
 1 AS `año`,
 1 AS `region`*/;
SET character_set_client = @saved_cs_client;

--
-- Temporary view structure for view `ipc_nacional_alberto_fernandez`
--

DROP TABLE IF EXISTS `ipc_nacional_alberto_fernandez`;
/*!50001 DROP VIEW IF EXISTS `ipc_nacional_alberto_fernandez`*/;
SET @saved_cs_client     = @@character_set_client;
/*!50503 SET character_set_client = utf8mb4 */;
/*!50001 CREATE VIEW `ipc_nacional_alberto_fernandez` AS SELECT 
 1 AS `id_ipc`,
 1 AS `valor_ipc_intermensual`,
 1 AS `valor_ipc_interanual`,
 1 AS `mes`,
 1 AS `año`*/;
SET character_set_client = @saved_cs_client;

--
-- Temporary view structure for view `ipc_nacional_mauricio_macri`
--

DROP TABLE IF EXISTS `ipc_nacional_mauricio_macri`;
/*!50001 DROP VIEW IF EXISTS `ipc_nacional_mauricio_macri`*/;
SET @saved_cs_client     = @@character_set_client;
/*!50503 SET character_set_client = utf8mb4 */;
/*!50001 CREATE VIEW `ipc_nacional_mauricio_macri` AS SELECT 
 1 AS `id_ipc`,
 1 AS `valor_ipc_intermensual`,
 1 AS `valor_ipc_interanual`,
 1 AS `mes`,
 1 AS `año`*/;
SET character_set_client = @saved_cs_client;

--
-- Table structure for table `periodo`
--

DROP TABLE IF EXISTS `periodo`;
/*!40101 SET @saved_cs_client     = @@character_set_client */;
/*!50503 SET character_set_client = utf8mb4 */;
CREATE TABLE `periodo` (
  `id_periodo` int NOT NULL AUTO_INCREMENT,
  `id_presidente` int DEFAULT NULL,
  `fecha` date NOT NULL,
  PRIMARY KEY (`id_periodo`),
  KEY `fk_id_presidente` (`id_presidente`),
  CONSTRAINT `fk_id_presidente` FOREIGN KEY (`id_presidente`) REFERENCES `presidente` (`id_presidente`) ON DELETE SET NULL
) ENGINE=InnoDB AUTO_INCREMENT=74 DEFAULT CHARSET=utf8mb4 COLLATE=utf8mb4_0900_ai_ci;
/*!40101 SET character_set_client = @saved_cs_client */;

--
-- Dumping data for table `periodo`
--

LOCK TABLES `periodo` WRITE;
/*!40000 ALTER TABLE `periodo` DISABLE KEYS */;
INSERT INTO `periodo` VALUES (1,1,'2017-01-01'),(2,1,'2017-02-01'),(3,1,'2017-03-01'),(4,1,'2017-04-01'),(5,1,'2017-05-01'),(6,1,'2017-06-01'),(7,1,'2017-07-01'),(8,1,'2017-08-01'),(9,1,'2017-09-01'),(10,1,'2017-10-01'),(11,1,'2017-11-01'),(12,1,'2017-12-01'),(13,1,'2018-01-01'),(14,1,'2018-02-01'),(15,1,'2018-03-01'),(16,1,'2018-04-01'),(17,1,'2018-05-01'),(18,1,'2018-06-01'),(19,1,'2018-07-01'),(20,1,'2018-08-01'),(21,1,'2018-09-01'),(22,1,'2018-10-01'),(23,1,'2018-11-01'),(24,1,'2018-12-01'),(25,1,'2019-01-01'),(26,1,'2019-02-01'),(27,1,'2019-03-01'),(28,1,'2019-04-01'),(29,1,'2019-05-01'),(30,1,'2019-06-01'),(31,1,'2019-07-01'),(32,1,'2019-08-01'),(33,1,'2019-09-01'),(34,1,'2019-10-01'),(35,1,'2019-11-01'),(36,1,'2019-12-01'),(37,2,'2020-01-01'),(38,2,'2020-02-01'),(39,2,'2020-03-01'),(40,2,'2020-04-01'),(41,2,'2020-05-01'),(42,2,'2020-06-01'),(43,2,'2020-07-01'),(44,2,'2020-08-01'),(45,2,'2020-09-01'),(46,2,'2020-10-01'),(47,2,'2020-11-01'),(48,2,'2020-12-01'),(49,2,'2021-01-01'),(50,2,'2021-02-01'),(51,2,'2021-03-01'),(52,2,'2021-04-01'),(53,2,'2021-05-01'),(54,2,'2021-06-01'),(55,2,'2021-07-01'),(56,2,'2021-08-01'),(57,2,'2021-09-01'),(58,2,'2021-10-01'),(59,2,'2021-11-01'),(60,2,'2021-12-01'),(61,2,'2022-01-01'),(62,2,'2022-02-01'),(63,2,'2022-03-01'),(64,2,'2022-04-01'),(65,2,'2022-05-01'),(66,2,'2022-06-01'),(67,2,'2022-07-01');
/*!40000 ALTER TABLE `periodo` ENABLE KEYS */;
UNLOCK TABLES;

--
-- Table structure for table `presidente`
--

DROP TABLE IF EXISTS `presidente`;
/*!40101 SET @saved_cs_client     = @@character_set_client */;
/*!50503 SET character_set_client = utf8mb4 */;
CREATE TABLE `presidente` (
  `id_presidente` int NOT NULL AUTO_INCREMENT,
  `nombre_completo` varchar(50) NOT NULL,
  `mandato_inicio` date NOT NULL,
  `mandato_fin` date DEFAULT NULL,
  PRIMARY KEY (`id_presidente`)
) ENGINE=InnoDB AUTO_INCREMENT=3 DEFAULT CHARSET=utf8mb4 COLLATE=utf8mb4_0900_ai_ci;
/*!40101 SET character_set_client = @saved_cs_client */;

--
-- Dumping data for table `presidente`
--

LOCK TABLES `presidente` WRITE;
/*!40000 ALTER TABLE `presidente` DISABLE KEYS */;
INSERT INTO `presidente` VALUES (1,'Mauricio Macri','2015-12-10','2019-12-10'),(2,'Alberto Fernandez','2019-12-10',NULL);
/*!40000 ALTER TABLE `presidente` ENABLE KEYS */;
UNLOCK TABLES;

--
-- Table structure for table `region`
--

DROP TABLE IF EXISTS `region`;
/*!40101 SET @saved_cs_client     = @@character_set_client */;
/*!50503 SET character_set_client = utf8mb4 */;
CREATE TABLE `region` (
  `id_region` int NOT NULL AUTO_INCREMENT,
  `region` varchar(20) DEFAULT NULL,
  PRIMARY KEY (`id_region`)
) ENGINE=InnoDB AUTO_INCREMENT=8 DEFAULT CHARSET=utf8mb4 COLLATE=utf8mb4_0900_ai_ci;
/*!40101 SET character_set_client = @saved_cs_client */;

--
-- Dumping data for table `region`
--

LOCK TABLES `region` WRITE;
/*!40000 ALTER TABLE `region` DISABLE KEYS */;
INSERT INTO `region` VALUES (1,'NACIONAL'),(2,'GBA'),(3,'PAMPEANA'),(4,'NORESTE'),(5,'NOROESTE'),(6,'CUYO'),(7,'PATAGONIA');
/*!40000 ALTER TABLE `region` ENABLE KEYS */;
UNLOCK TABLES;

--
-- Final view structure for view `ipc_2022_nacional_divisiones`
--

/*!50001 DROP VIEW IF EXISTS `ipc_2022_nacional_divisiones`*/;
/*!50001 SET @saved_cs_client          = @@character_set_client */;
/*!50001 SET @saved_cs_results         = @@character_set_results */;
/*!50001 SET @saved_col_connection     = @@collation_connection */;
/*!50001 SET character_set_client      = utf8mb4 */;
/*!50001 SET character_set_results     = utf8mb4 */;
/*!50001 SET collation_connection      = utf8mb4_0900_ai_ci */;
/*!50001 CREATE ALGORITHM=UNDEFINED */
/*!50013 DEFINER=`root`@`localhost` SQL SECURITY DEFINER */
/*!50001 VIEW `ipc_2022_nacional_divisiones` AS select `d`.`id_ipc_division` AS `id_ipc_division`,(select `divisiones`.`division` from `divisiones` where (`d`.`id_division` = `divisiones`.`id_division`)) AS `division`,`d`.`valor_ipc_division` AS `valor_ipc_division`,`ipc_mes_año`('nacional',monthname(`p`.`fecha`),year(`p`.`fecha`)) AS `valor_ipc_promedio`,monthname(`p`.`fecha`) AS `mes`,year(`p`.`fecha`) AS `año`,(select `region`.`region` from `region` where (`d`.`id_region` = `region`.`id_region`)) AS `region` from (`ipc_divisiones` `d` join `periodo` `p` on((`p`.`id_periodo` = `d`.`id_periodo`))) where ((year(`p`.`fecha`) >= 2022) and (`d`.`id_region` = (select `region`.`id_region` from `region` where (`region`.`region` = 'NACIONAL')))) order by (select `divisiones`.`division` from `divisiones` where (`d`.`id_division` = `divisiones`.`id_division`)) */;
/*!50001 SET character_set_client      = @saved_cs_client */;
/*!50001 SET character_set_results     = @saved_cs_results */;
/*!50001 SET collation_connection      = @saved_col_connection */;

--
-- Final view structure for view `ipc_anual_desde_2017`
--

/*!50001 DROP VIEW IF EXISTS `ipc_anual_desde_2017`*/;
/*!50001 SET @saved_cs_client          = @@character_set_client */;
/*!50001 SET @saved_cs_results         = @@character_set_results */;
/*!50001 SET @saved_col_connection     = @@collation_connection */;
/*!50001 SET character_set_client      = utf8mb4 */;
/*!50001 SET character_set_results     = utf8mb4 */;
/*!50001 SET collation_connection      = utf8mb4_0900_ai_ci */;
/*!50001 CREATE ALGORITHM=UNDEFINED */
/*!50013 DEFINER=`root`@`localhost` SQL SECURITY DEFINER */
/*!50001 VIEW `ipc_anual_desde_2017` AS select cast(sum(`i`.`valor_ipc_intermensual`) as decimal(10,2)) AS `ipc_anual`,year(`p`.`fecha`) AS `año` from (`ipc` `i` left join `periodo` `p` on((`i`.`id_periodo` = `p`.`id_periodo`))) where (`i`.`id_region` = (select `region`.`id_region` from `region` where (`region`.`region` = 'NACIONAL'))) group by `año` order by `año` desc */;
/*!50001 SET character_set_client      = @saved_cs_client */;
/*!50001 SET character_set_results     = @saved_cs_results */;
/*!50001 SET collation_connection      = @saved_col_connection */;

--
-- Final view structure for view `ipc_gba_divisiones`
--

/*!50001 DROP VIEW IF EXISTS `ipc_gba_divisiones`*/;
/*!50001 SET @saved_cs_client          = @@character_set_client */;
/*!50001 SET @saved_cs_results         = @@character_set_results */;
/*!50001 SET @saved_col_connection     = @@collation_connection */;
/*!50001 SET character_set_client      = utf8mb4 */;
/*!50001 SET character_set_results     = utf8mb4 */;
/*!50001 SET collation_connection      = utf8mb4_0900_ai_ci */;
/*!50001 CREATE ALGORITHM=UNDEFINED */
/*!50013 DEFINER=`root`@`localhost` SQL SECURITY DEFINER */
/*!50001 VIEW `ipc_gba_divisiones` AS select `d`.`id_ipc_division` AS `id_ipc_division`,(select `divisiones`.`division` from `divisiones` where (`d`.`id_division` = `divisiones`.`id_division`)) AS `division`,`d`.`valor_ipc_division` AS `valor_ipc_division`,monthname(`p`.`fecha`) AS `mes`,year(`p`.`fecha`) AS `año`,(select `region`.`region` from `region` where (`d`.`id_region` = `region`.`id_region`)) AS `region` from (`ipc_divisiones` `d` join `periodo` `p` on((`p`.`id_periodo` = `d`.`id_periodo`))) where (`d`.`id_region` = 2) order by `d`.`valor_ipc_division` desc */;
/*!50001 SET character_set_client      = @saved_cs_client */;
/*!50001 SET character_set_results     = @saved_cs_results */;
/*!50001 SET collation_connection      = @saved_col_connection */;

--
-- Final view structure for view `ipc_nacional_alberto_fernandez`
--

/*!50001 DROP VIEW IF EXISTS `ipc_nacional_alberto_fernandez`*/;
/*!50001 SET @saved_cs_client          = @@character_set_client */;
/*!50001 SET @saved_cs_results         = @@character_set_results */;
/*!50001 SET @saved_col_connection     = @@collation_connection */;
/*!50001 SET character_set_client      = utf8mb4 */;
/*!50001 SET character_set_results     = utf8mb4 */;
/*!50001 SET collation_connection      = utf8mb4_0900_ai_ci */;
/*!50001 CREATE ALGORITHM=UNDEFINED */
/*!50013 DEFINER=`root`@`localhost` SQL SECURITY DEFINER */
/*!50001 VIEW `ipc_nacional_alberto_fernandez` AS select `i`.`id_ipc` AS `id_ipc`,`i`.`valor_ipc_intermensual` AS `valor_ipc_intermensual`,`i`.`valor_ipc_interanual` AS `valor_ipc_interanual`,monthname(`p`.`fecha`) AS `mes`,year(`p`.`fecha`) AS `año` from (`ipc` `i` join `periodo` `p` on((`i`.`id_periodo` = `p`.`id_periodo`))) where ((`p`.`id_presidente` = (select `presidente`.`id_presidente` from `presidente` where (`presidente`.`nombre_completo` = 'Alberto Fernandez'))) and (`i`.`id_region` = (select `region`.`id_region` from `region` where (`region`.`region` = 'NACIONAL')))) order by `p`.`id_periodo` desc */;
/*!50001 SET character_set_client      = @saved_cs_client */;
/*!50001 SET character_set_results     = @saved_cs_results */;
/*!50001 SET collation_connection      = @saved_col_connection */;

--
-- Final view structure for view `ipc_nacional_mauricio_macri`
--

/*!50001 DROP VIEW IF EXISTS `ipc_nacional_mauricio_macri`*/;
/*!50001 SET @saved_cs_client          = @@character_set_client */;
/*!50001 SET @saved_cs_results         = @@character_set_results */;
/*!50001 SET @saved_col_connection     = @@collation_connection */;
/*!50001 SET character_set_client      = utf8mb4 */;
/*!50001 SET character_set_results     = utf8mb4 */;
/*!50001 SET collation_connection      = utf8mb4_0900_ai_ci */;
/*!50001 CREATE ALGORITHM=UNDEFINED */
/*!50013 DEFINER=`root`@`localhost` SQL SECURITY DEFINER */
/*!50001 VIEW `ipc_nacional_mauricio_macri` AS select `i`.`id_ipc` AS `id_ipc`,`i`.`valor_ipc_intermensual` AS `valor_ipc_intermensual`,`i`.`valor_ipc_interanual` AS `valor_ipc_interanual`,monthname(`p`.`fecha`) AS `mes`,year(`p`.`fecha`) AS `año` from (`ipc` `i` join `periodo` `p` on((`i`.`id_periodo` = `p`.`id_periodo`))) where ((`p`.`id_presidente` = (select `presidente`.`id_presidente` from `presidente` where (`presidente`.`nombre_completo` = 'Mauricio Macri'))) and (`i`.`id_region` = (select `region`.`id_region` from `region` where (`region`.`region` = 'NACIONAL')))) order by `p`.`id_periodo` desc */;
/*!50001 SET character_set_client      = @saved_cs_client */;
/*!50001 SET character_set_results     = @saved_cs_results */;
/*!50001 SET collation_connection      = @saved_col_connection */;
/*!40103 SET TIME_ZONE=@OLD_TIME_ZONE */;

/*!40101 SET SQL_MODE=@OLD_SQL_MODE */;
/*!40014 SET FOREIGN_KEY_CHECKS=@OLD_FOREIGN_KEY_CHECKS */;
/*!40014 SET UNIQUE_CHECKS=@OLD_UNIQUE_CHECKS */;
/*!40101 SET CHARACTER_SET_CLIENT=@OLD_CHARACTER_SET_CLIENT */;
/*!40101 SET CHARACTER_SET_RESULTS=@OLD_CHARACTER_SET_RESULTS */;
/*!40101 SET COLLATION_CONNECTION=@OLD_COLLATION_CONNECTION */;
/*!40111 SET SQL_NOTES=@OLD_SQL_NOTES */;

-- Dump completed on 2022-08-28 14:00:50
